{
  "Rhino3dmIO.DLL": {
    "Rhino.Runtime.InteropWrappers": "<module 'InteropWrappers' (CLS module from Rhino3dmIO, Version=5.1.30000.14, Culture=neutral, PublicKeyToken=null)>", 
    "Rhino.DocObjects.Custom": "<module 'Custom' (CLS module from Rhino3dmIO, Version=5.1.30000.14, Culture=neutral, PublicKeyToken=null)>", 
    "Rhino.Geometry": "<module 'Geometry' (CLS module from Rhino3dmIO, Version=5.1.30000.14, Culture=neutral, PublicKeyToken=null)>", 
    "Rhino.UI": "<module 'UI' (CLS module from Rhino3dmIO, Version=5.1.30000.14, Culture=neutral, PublicKeyToken=null)>", 
    "Rhino.DocObjects": "<module 'DocObjects' (CLS module from Rhino3dmIO, Version=5.1.30000.14, Culture=neutral, PublicKeyToken=null)>", 
    "Rhino.Display": "<module 'Display' (CLS module from Rhino3dmIO, Version=5.1.30000.14, Culture=neutral, PublicKeyToken=null)>", 
    "Rhino.Collections": "<module 'Collections' (CLS module from Rhino3dmIO, Version=5.1.30000.14, Culture=neutral, PublicKeyToken=null)>", 
    "Rhino.Geometry.Collections": "<module 'Collections' (CLS module from Rhino3dmIO, Version=5.1.30000.14, Culture=neutral, PublicKeyToken=null)>", 
    "Rhino.FileIO": "<module 'FileIO' (CLS module from Rhino3dmIO, Version=5.1.30000.14, Culture=neutral, PublicKeyToken=null)>", 
    "Rhino.Render": "<module 'Render' (CLS module from Rhino3dmIO, Version=5.1.30000.14, Culture=neutral, PublicKeyToken=null)>", 
    "Rhino": "<module 'Rhino' (CLS module from Rhino3dmIO, Version=5.1.30000.14, Culture=neutral, PublicKeyToken=null)>", 
    "Rhino.Geometry.Intersect": "<module 'Intersect' (CLS module from Rhino3dmIO, Version=5.1.30000.14, Culture=neutral, PublicKeyToken=null)>", 
    "Rhino.Runtime": "<module 'Runtime' (CLS module from Rhino3dmIO, Version=5.1.30000.14, Culture=neutral, PublicKeyToken=null)>"
  }
}